Workbook

Sheet ReadMe
A1: Body of a Nation — Health Systems Prototype (Excel)
A2: Purpose
A3: Model national health as a living body: vitals + organ integrity + trust, driven by shocks, stress, and emergency autonomy.
A5: How to use
A6: 1) Inputs: adjust blue cells (scenario, settings, vitals, policy budget split, dependency).
A7: 2) Events: edit shock weeks/severity to test different crisis schedules.
A8: 3) Simulation: each row is one week (60 ticks = 60 rows).
A9: 4) Dashboard: charts show health and organ damage over time with collapse/autonomy thresholds.
A11: Key mechanics
A12: • Stress increases when vitals drop, trust drops, and shocks occur (amplified by dependency).
A13: • Autonomy triggers when prior-week health < Autonomy trigger; it adds fatigue damage while active.
A14: • Collapse triggers if health stays below θ for N consecutive ticks after warmup.

Sheet Inputs
A1: SCENARIO
A2: Scenario | B2: Supply Shock | D2: Choose a preset shock schedule and baseline settings.
A4: SIMULATION
A5: Ticks (weeks) | B5: 60 | D5: Number of turns (weeks) to simulate. Simulation tab has exactly this many rows.
A6: Warmup ticks | B6: 4 | D6: Ignore early instability when evaluating collapse; collapse checks begin after warmup.
A7: Collapse threshold θ | B7: 0.85 | D7: If Health < θ for N consecutive ticks (after warmup) → collapse.
A8: Collapse duration N | B8: 6 | D8: Consecutive ticks below θ required to trigger collapse.
A9: Autonomy trigger | B9: 0.78 | D9: If prior-week Health < trigger → emergency autonomy activates.
A10: Autonomy fatigue rate | B10: 0.04 | D10: Extra organ damage per tick while autonomy is active.
A11: Base recovery rate | B11: 0.02 | D11: How quickly organs heal when funded and stress is low.
A12: Base damage sensitivity | B12: 0.75 | D12: How sharply stress converts into organ damage.
A14: VITALS (BASELINE SUFFICIENCY 0–1)
A15: Food sufficiency | B15: 0.78 | D15: Digestive reserves (nutrition availability).
A16: Water sufficiency | B16: 0.78 | D16: Kidney/circulation support (clean water reliability).
A17: Air sufficiency | B17: 0.85 | D17: Respiratory baseline (air quality).
A18: Trust / compliance | B18: 0.45 | D18: Nervous-system analog: adherence to guidance & cohesion.
A20: POLICY LEVERS (BUDGET SPLIT; MUST SUM TO 1.0)
A21: Prevention (immune) | B21: 0.1 | D21: Vaccines, surveillance, preparedness. | F21: Sum | G21: =SUM(B21:B25) -> 1 | H21: (should be 1.0)
A22: Treatment (hospitals) | B22: 0.2 | D22: ICU/clinics capacity & staffing.
A23: Infrastructure (water/air) | B23: 0.1 | D23: Utilities, sanitation, environmental controls.
A24: Logistics (heart) | B24: 0.05 | D24: Distribution, routing, emergency supply chain.
A25: Cohesion (trust) | B25: 0.55 | D25: Communication, education, community support.
A27: Dependency (outsourcing) level | B27: 0.55 | D27: 0–1. Higher means reliance on external 'organs' (imports/contracted services). Raises shock impact.

Sheet Events
A1: Events (Shock Schedule)
A2: Edit the table below. Week is 0–59 (matches Simulation t). Shock severity is 0–1.
A4: Week | B4: Shock severity (0–1) | C4: Label
A5: 6 | B5: 0.8 | C5: Pandemic wave 1
A6: 10 | B6: 0.6 | C6: Strain mutation
A7: 16 | B7: 0.4 | C7: Supply delay
A8: 24 | B8: 0.5 | C8: Wave 2
A9: 34 | B9: 0.3 | C9: Aftershock

Sheet Simulation
A1: Simulation (weekly progression)
A2: One row per week. Blue columns are driven by Inputs/Events; other columns are calculated.
A4: t | B4: Shock severity | C4: Vital ratio | D4: Trust | E4: Stress | F4: Autonomy | G4: HEART dmg | H4: IMMUNE dmg | I4: HOSP dmg | J4: UTIL dmg | K4: TRUST dmg | L4: Health | M4: Collapse?
A5: 0 | B5: =IFERROR(_xludf.XLOOKUP(A5,Events!$A$5:$A$200,Events!$B$5:$B$200,0),0) -> 0 | C5: =MAX(0,MIN(1, AVERAGE(Inputs!$B$15,Inputs!$B$16,Inputs!$B$17) - 0.35*B5*(1+0.6*Inputs!$B$27) )) -> 0.80333333 | D5: =Inputs!$B$18 -> 0.45 | E5: =MIN(1, (1-C5)*0.8 + B5*(1+0.8*(1-D5)+0.6*Inputs!$B$27)) -> 0.15733333 | F5: 0 | G5: 0 | H5: 0 | I5: 0 | J5: 0 | K5: 0 | L5: =MAX(0,MIN(1, 0.35*C5 + 0.15*D5 + 0.5*(0.2*(1-G5)+0.22*(1-H5)+0.22*(1-I5)+0.18*(1-J5)+0.18*(1-K5)))) -> 0.84866667 | M5: =IF(A5<(Inputs!$B$6+Inputs!$B$8-1),"",IF(COUNTIF(INDEX($L:$L,ROW(L5)-(Inputs!$B$8-1)):L5,"<"&Inputs!$B$7)=Inputs!$B$8,"COLLAPSE",""))
A6: 1 | B6: =IFERROR(_xludf.XLOOKUP(A6,Events!$A$5:$A$200,Events!$B$5:$B$200,0),0) -> 0 | C6: =MAX(0,MIN(1, AVERAGE(Inputs!$B$15,Inputs!$B$16,Inputs!$B$17) - 0.35*B6*(1+0.6*Inputs!$B$27) )) -> 0.80333333 | D6: =MAX(0,MIN(1, D5 - 0.12*E6 + 0.1*Inputs!$B$25*(1-B6) )) -> 0.48612 | E6: =MIN(1, (1-C6)*0.8 + B6*(1+0.8*(1-D5)+0.6*Inputs!$B$27)) -> 0.15733333 | F6: =IF(L5<Inputs!$B$9,1,0) -> 0 | G6: =MAX(0,MIN(1, G5 + Inputs!$B$12*E6*(1-Inputs!$B$24) + Inputs!$B$10*F6 - Inputs!$B$11*Inputs!$B$24*(1-E6) )) -> 0.11125733 | H6: =MAX(0,MIN(1, H5 + Inputs!$B$12*E6*(1-Inputs!$B$21) + Inputs!$B$10*F6 - Inputs!$B$11*Inputs!$B$21*(1-E6) )) -> 0.10451467 | I6: =MAX(0,MIN(1, I5 + Inputs!$B$12*E6*(1-Inputs!$B$22) + Inputs!$B$10*F6 - Inputs!$B$11*Inputs!$B$22*(1-E6) )) -> 0.091029333 | J6: =MAX(0,MIN(1, J5 + Inputs!$B$12*E6*(1-Inputs!$B$23) + Inputs!$B$10*F6 - Inputs!$B$11*Inputs!$B$23*(1-E6) )) -> 0.10451467 | K6: =MAX(0,MIN(1, K5 + Inputs!$B$12*E6*(1-Inputs!$B$25) + Inputs!$B$10*F6 - Inputs!$B$11*Inputs!$B$25*(1-E6) )) -> 0.043830667 | L6: =MAX(0,MIN(1, 0.35*C6 + 0.15*D6 + 0.5*(0.2*(1-G6)+0.22*(1-H6)+0.22*(1-I6)+0.18*(1-J6)+0.18*(1-K6)))) -> 0.80809801 | M6: =IF(A6<(Inputs!$B$6+Inputs!$B$8-1),"", IF(COUNTIF(INDEX($L:$L,ROW(L6)-(Inputs!$B$8-1)):L6,"<"&Inputs!$B$7)=Inputs!$B$8,"COLLAPSE",""))
A7: 2 | B7: =IFERROR(_xludf.XLOOKUP(A7,Events!$A$5:$A$200,Events!$B$5:$B$200,0),0) -> 0 | C7: =MAX(0,MIN(1, AVERAGE(Inputs!$B$15,Inputs!$B$16,Inputs!$B$17) - 0.35*B7*(1+0.6*Inputs!$B$27) )) -> 0.80333333 | D7: =MAX(0,MIN(1, D6 - 0.12*E7 + 0.1*Inputs!$B$25*(1-B7) )) -> 0.52224 | E7: =MIN(1, (1-C7)*0.8 + B7*(1+0.8*(1-D6)+0.6*Inputs!$B$27)) -> 0.15733333 | F7: =IF(L6<Inputs!$B$9,1,0) -> 0 | G7: =MAX(0,MIN(1, G6 + Inputs!$B$12*E7*(1-Inputs!$B$24) + Inputs!$B$10*F7 - Inputs!$B$11*Inputs!$B$24*(1-E7) )) -> 0.22251467 | H7: =MAX(0,MIN(1, H6 + Inputs!$B$12*E7*(1-Inputs!$B$21) + Inputs!$B$10*F7 - Inputs!$B$11*Inputs!$B$21*(1-E7) )) -> 0.20902933 | I7: =MAX(0,MIN(1, I6 + Inputs!$B$12*E7*(1-Inputs!$B$22) + Inputs!$B$10*F7 - Inputs!$B$11*Inputs!$B$22*(1-E7) )) -> 0.18205867 | J7: =MAX(0,MIN(1, J6 + Inputs!$B$12*E7*(1-Inputs!$B$23) + Inputs!$B$10*F7 - Inputs!$B$11*Inputs!$B$23*(1-E7) )) -> 0.20902933 | K7: =MAX(0,MIN(1, K6 + Inputs!$B$12*E7*(1-Inputs!$B$25) + Inputs!$B$10*F7 - Inputs!$B$11*Inputs!$B$25*(1-E7) )) -> 0.087661333 | L7: =MAX(0,MIN(1, 0.35*C7 + 0.15*D7 + 0.5*(0.2*(1-G7)+0.22*(1-H7)+0.22*(1-I7)+0.18*(1-J7)+0.18*(1-K7)))) -> 0.76752936 | M7: =IF(A7<(Inputs!$B$6+Inputs!$B$8-1),"", IF(COUNTIF(INDEX($L:$L,ROW(L7)-(Inputs!$B$8-1)):L7,"<"&Inputs!$B$7)=Inputs!$B$8,"COLLAPSE",""))
A8: 3 | B8: =IFERROR(_xludf.XLOOKUP(A8,Events!$A$5:$A$200,Events!$B$5:$B$200,0),0) -> 0 | C8: =MAX(0,MIN(1, AVERAGE(Inputs!$B$15,Inputs!$B$16,Inputs!$B$17) - 0.35*B8*(1+0.6*Inputs!$B$27) )) -> 0.80333333 | D8: =MAX(0,MIN(1, D7 - 0.12*E8 + 0.1*Inputs!$B$25*(1-B8) )) -> 0.55836 | E8: =MIN(1, (1-C8)*0.8 + B8*(1+0.8*(1-D7)+0.6*Inputs!$B$27)) -> 0.15733333 | F8: =IF(L7<Inputs!$B$9,1,0) -> 1 | G8: =MAX(0,MIN(1, G7 + Inputs!$B$12*E8*(1-Inputs!$B$24) + Inputs!$B$10*F8 - Inputs!$B$11*Inputs!$B$24*(1-E8) )) -> 0.373772 | H8: =MAX(0,MIN(1, H7 + Inputs!$B$12*E8*(1-Inputs!$B$21) + Inputs!$B$10*F8 - Inputs!$B$11*Inputs!$B$21*(1-E8) )) -> 0.353544 | I8: =MAX(0,MIN(1, I7 + Inputs!$B$12*E8*(1-Inputs!$B$22) + Inputs!$B$10*F8 - Inputs!$B$11*Inputs!$B$22*(1-E8) )) -> 0.313088 | J8: =MAX(0,MIN(1, J7 + Inputs!$B$12*E8*(1-Inputs!$B$23) + Inputs!$B$10*F8 - Inputs!$B$11*Inputs!$B$23*(1-E8) )) -> 0.353544 | K8: =MAX(0,MIN(1, K7 + Inputs!$B$12*E8*(1-Inputs!$B$25) + Inputs!$B$10*F8 - Inputs!$B$11*Inputs!$B$25*(1-E8) )) -> 0.171492 | L8: =MAX(0,MIN(1, 0.35*C8 + 0.15*D8 + 0.5*(0.2*(1-G8)+0.22*(1-H8)+0.22*(1-I8)+0.18*(1-J8)+0.18*(1-K8)))) -> 0.70696071 | M8: =IF(A8<(Inputs!$B$6+Inputs!$B$8-1),"", IF(COUNTIF(INDEX($L:$L,ROW(L8)-(Inputs!$B$8-1)):L8,"<"&Inputs!$B$7)=Inputs!$B$8,"COLLAPSE",""))
A9: 4 | B9: =IFERROR(_xludf.XLOOKUP(A9,Events!$A$5:$A$200,Events!$B$5:$B$200,0),0) -> 0 | C9: =MAX(0,MIN(1, AVERAGE(Inputs!$B$15,Inputs!$B$16,Inputs!$B$17) - 0.35*B9*(1+0.6*Inputs!$B$27) )) -> 0.80333333 | D9: =MAX(0,MIN(1, D8 - 0.12*E9 + 0.1*Inputs!$B$25*(1-B9) )) -> 0.59448 | E9: =MIN(1, (1-C9)*0.8 + B9*(1+0.8*(1-D8)+0.6*Inputs!$B$27)) -> 0.15733333 | F9: =IF(L8<Inputs!$B$9,1,0) -> 1 | G9: =MAX(0,MIN(1, G8 + Inputs!$B$12*E9*(1-Inputs!$B$24) + Inputs!$B$10*F9 - Inputs!$B$11*Inputs!$B$24*(1-E9) )) -> 0.52502933 | H9: =MAX(0,MIN(1, H8 + Inputs!$B$12*E9*(1-Inputs!$B$21) + Inputs!$B$10*F9 - Inputs!$B$11*Inputs!$B$21*(1-E9) )) -> 0.49805867 | I9: =MAX(0,MIN(1, I8 + Inputs!$B$12*E9*(1-Inputs!$B$22) + Inputs!$B$10*F9 - Inputs!$B$11*Inputs!$B$22*(1-E9) )) -> 0.44411733 | J9: =MAX(0,MIN(1, J8 + Inputs!$B$12*E9*(1-Inputs!$B$23) + Inputs!$B$10*F9 - Inputs!$B$11*Inputs!$B$23*(1-E9) )) -> 0.49805867 | K9: =MAX(0,MIN(1, K8 + Inputs!$B$12*E9*(1-Inputs!$B$25) + Inputs!$B$10*F9 - Inputs!$B$11*Inputs!$B$25*(1-E9) )) -> 0.25532267 | L9: =MAX(0,MIN(1, 0.35*C9 + 0.15*D9 + 0.5*(0.2*(1-G9)+0.22*(1-H9)+0.22*(1-I9)+0.18*(1-J9)+0.18*(1-K9)))) -> 0.64639205 | M9: =IF(A9<(Inputs!$B$6+Inputs!$B$8-1),"", IF(COUNTIF(INDEX($L:$L,ROW(L9)-(Inputs!$B$8-1)):L9,"<"&Inputs!$B$7)=Inputs!$B$8,"COLLAPSE",""))
A10: 5 | B10: =IFERROR(_xludf.XLOOKUP(A10,Events!$A$5:$A$200,Events!$B$5:$B$200,0),0) -> 0 | C10: =MAX(0,MIN(1, AVERAGE(Inputs!$B$15,Inputs!$B$16,Inputs!$B$17) - 0.35*B10*(1+0.6*Inputs!$B$27) )) -> 0.80333333 | D10: =MAX(0,MIN(1, D9 - 0.12*E10 + 0.1*Inputs!$B$25*(1-B10) )) -> 0.6306 | E10: =MIN(1, (1-C10)*0.8 + B10*(1+0.8*(1-D9)+0.6*Inputs!$B$27)) -> 0.15733333 | F10: =IF(L9<Inputs!$B$9,1,0) -> 1 | G10: =MAX(0,MIN(1, G9 + Inputs!$B$12*E10*(1-Inputs!$B$24) + Inputs!$B$10*F10 - Inputs!$B$11*Inputs!$B$24*(1-E10) )) -> 0.67628667 | H10: =MAX(0,MIN(1, H9 + Inputs!$B$12*E10*(1-Inputs!$B$21) + Inputs!$B$10*F10 - Inputs!$B$11*Inputs!$B$21*(1-E10) )) -> 0.64257333 | I10: =MAX(0,MIN(1, I9 + Inputs!$B$12*E10*(1-Inputs!$B$22) + Inputs!$B$10*F10 - Inputs!$B$11*Inputs!$B$22*(1-E10) )) -> 0.57514667 | J10: =MAX(0,MIN(1, J9 + Inputs!$B$12*E10*(1-Inputs!$B$23) + Inputs!$B$10*F10 - Inputs!$B$11*Inputs!$B$23*(1-E10) )) -> 0.64257333 | K10: =MAX(0,MIN(1, K9 + Inputs!$B$12*E10*(1-Inputs!$B$25) + Inputs!$B$10*F10 - Inputs!$B$11*Inputs!$B$25*(1-E10) )) -> 0.33915333 | L10: =MAX(0,MIN(1, 0.35*C10 + 0.15*D10 + 0.5*(0.2*(1-G10)+0.22*(1-H10)+0.22*(1-I10)+0.18*(1-J10)+0.18*(1-K10)))) -> 0.5858234 | M10: =IF(A10<(Inputs!$B$6+Inputs!$B$8-1),"", IF(COUNTIF(INDEX($L:$L,ROW(L10)-(Inputs!$B$8-1)):L10,"<"&Inputs!$B$7)=Inputs!$B$8,"COLLAPSE",""))
A11: 6 | B11: =IFERROR(_xludf.XLOOKUP(A11,Events!$A$5:$A$200,Events!$B$5:$B$200,0),0) -> 0 | C11: =MAX(0,MIN(1, AVERAGE(Inputs!$B$15,Inputs!$B$16,Inputs!$B$17) - 0.35*B11*(1+0.6*Inputs!$B$27) )) -> 0.80333333 | D11: =MAX(0,MIN(1, D10 - 0.12*E11 + 0.1*Inputs!$B$25*(1-B11) )) -> 0.66672 | E11: =MIN(1, (1-C11)*0.8 + B11*(1+0.8*(1-D10)+0.6*Inputs!$B$27)) -> 0.15733333 | F11: =IF(L10<Inputs!$B$9,1,0) -> 1 | G11: =MAX(0,MIN(1, G10 + Inputs!$B$12*E11*(1-Inputs!$B$24) + Inputs!$B$10*F11 - Inputs!$B$11*Inputs!$B$24*(1-E11) )) -> 0.827544 | H11: =MAX(0,MIN(1, H10 + Inputs!$B$12*E11*(1-Inputs!$B$21) + Inputs!$B$10*F11 - Inputs!$B$11*Inputs!$B$21*(1-E11) )) -> 0.787088 | I11: =MAX(0,MIN(1, I10 + Inputs!$B$12*E11*(1-Inputs!$B$22) + Inputs!$B$10*F11 - Inputs!$B$11*Inputs!$B$22*(1-E11) )) -> 0.706176 | J11: =MAX(0,MIN(1, J10 + Inputs!$B$12*E11*(1-Inputs!$B$23) + Inputs!$B$10*F11 - Inputs!$B$11*Inputs!$B$23*(1-E11) )) -> 0.787088 | K11: =MAX(0,MIN(1, K10 + Inputs!$B$12*E11*(1-Inputs!$B$25) + Inputs!$B$10*F11 - Inputs!$B$11*Inputs!$B$25*(1-E11) )) -> 0.422984 | L11: =MAX(0,MIN(1, 0.35*C11 + 0.15*D11 + 0.5*(0.2*(1-G11)+0.22*(1-H11)+0.22*(1-I11)+0.18*(1-J11)+0.18*(1-K11)))) -> 0.52525475 | M11: =IF(A11<(Inputs!$B$6+Inputs!$B$8-1),"", IF(COUNTIF(INDEX($L:$L,ROW(L11)-(Inputs!$B$8-1)):L11,"<"&Inputs!$B$7)=Inputs!$B$8,"COLLAPSE",""))
A12: 7 | B12: =IFERROR(_xludf.XLOOKUP(A12,Events!$A$5:$A$200,Events!$B$5:$B$200,0),0) -> 0 | C12: =MAX(0,MIN(1, AVERAGE(Inputs!$B$15,Inputs!$B$16,Inputs!$B$17) - 0.35*B12*(1+0.6*Inputs!$B$27) )) -> 0.80333333 | D12: =MAX(0,MIN(1, D11 - 0.12*E12 + 0.1*Inputs!$B$25*(1-B12) )) -> 0.70284 | E12: =MIN(1, (1-C12)*0.8 + B12*(1+0.8*(1-D11)+0.6*Inputs!$B$27)) -> 0.15733333 | F12: =IF(L11<Inputs!$B$9,1,0) -> 1 | G12: =MAX(0,MIN(1, G11 + Inputs!$B$12*E12*(1-Inputs!$B$24) + Inputs!$B$10*F12 - Inputs!$B$11*Inputs!$B$24*(1-E12) )) -> 0.97880133 | H12: =MAX(0,MIN(1, H11 + Inputs!$B$12*E12*(1-Inputs!$B$21) + Inputs!$B$10*F12 - Inputs!$B$11*Inputs!$B$21*(1-E12) )) -> 0.93160267 | I12: =MAX(0,MIN(1, I11 + Inputs!$B$12*E12*(1-Inputs!$B$22) + Inputs!$B$10*F12 - Inputs!$B$11*Inputs!$B$22*(1-E12) )) -> 0.83720533 | J12: =MAX(0,MIN(1, J11 + Inputs!$B$12*E12*(1-Inputs!$B$23) + Inputs!$B$10*F12 - Inputs!$B$11*Inputs!$B$23*(1-E12) )) -> 0.93160267 | K12: =MAX(0,MIN(1, K11 + Inputs!$B$12*E12*(1-Inputs!$B$25) + Inputs!$B$10*F12 - Inputs!$B$11*Inputs!$B$25*(1-E12) )) -> 0.50681467 | L12: =MAX(0,MIN(1, 0.35*C12 + 0.15*D12 + 0.5*(0.2*(1-G12)+0.22*(1-H12)+0.22*(1-I12)+0.18*(1-J12)+0.18*(1-K12)))) -> 0.46468609 | M12: =IF(A12<(Inputs!$B$6+Inputs!$B$8-1),"", IF(COUNTIF(INDEX($L:$L,ROW(L12)-(Inputs!$B$8-1)):L12,"<"&Inputs!$B$7)=Inputs!$B$8,"COLLAPSE",""))
A13: 8 | B13: =IFERROR(_xludf.XLOOKUP(A13,Events!$A$5:$A$200,Events!$B$5:$B$200,0),0) -> 0 | C13: =MAX(0,MIN(1, AVERAGE(Inputs!$B$15,Inputs!$B$16,Inputs!$B$17) - 0.35*B13*(1+0.6*Inputs!$B$27) )) -> 0.80333333 | D13: =MAX(0,MIN(1, D12 - 0.12*E13 + 0.1*Inputs!$B$25*(1-B13) )) -> 0.73896 | E13: =MIN(1, (1-C13)*0.8 + B13*(1+0.8*(1-D12)+0.6*Inputs!$B$27)) -> 0.15733333 | F13: =IF(L12<Inputs!$B$9,1,0) -> 1 | G13: =MAX(0,MIN(1, G12 + Inputs!$B$12*E13*(1-Inputs!$B$24) + Inputs!$B$10*F13 - Inputs!$B$11*Inputs!$B$24*(1-E13) )) -> 1 | H13: =MAX(0,MIN(1, H12 + Inputs!$B$12*E13*(1-Inputs!$B$21) + Inputs!$B$10*F13 - Inputs!$B$11*Inputs!$B$21*(1-E13) )) -> 1 | I13: =MAX(0,MIN(1, I12 + Inputs!$B$12*E13*(1-Inputs!$B$22) + Inputs!$B$10*F13 - Inputs!$B$11*Inputs!$B$22*(1-E13) )) -> 0.96823467 | J13: =MAX(0,MIN(1, J12 + Inputs!$B$12*E13*(1-Inputs!$B$23) + Inputs!$B$10*F13 - Inputs!$B$11*Inputs!$B$23*(1-E13) )) -> 1 | K13: =MAX(0,MIN(1, K12 + Inputs!$B$12*E13*(1-Inputs!$B$25) + Inputs!$B$10*F13 - Inputs!$B$11*Inputs!$B$25*(1-E13) )) -> 0.59064533 | L13: =MAX(0,MIN(1, 0.35*C13 + 0.15*D13 + 0.5*(0.2*(1-G13)+0.22*(1-H13)+0.22*(1-I13)+0.18*(1-J13)+0.18*(1-K13)))) -> 0.43234677 | M13: =IF(A13<(Inputs!$B$6+Inputs!$B$8-1),"", IF(COUNTIF(INDEX($L:$L,ROW(L13)-(Inputs!$B$8-1)):L13,"<"&Inputs!$B$7)=Inputs!$B$8,"COLLAPSE",""))
A14: 9 | B14: =IFERROR(_xludf.XLOOKUP(A14,Events!$A$5:$A$200,Events!$B$5:$B$200,0),0) -> 0 | C14: =MAX(0,MIN(1, AVERAGE(Inputs!$B$15,Inputs!$B$16,Inputs!$B$17) - 0.35*B14*(1+0.6*Inputs!$B$27) )) -> 0.80333333 | D14: =MAX(0,MIN(1, D13 - 0.12*E14 + 0.1*Inputs!$B$25*(1-B14) )) -> 0.77508 | E14: =MIN(1, (1-C14)*0.8 + B14*(1+0.8*(1-D13)+0.6*Inputs!$B$27)) -> 0.15733333 | F14: =IF(L13<Inputs!$B$9,1,0) -> 1 | G14: =MAX(0,MIN(1, G13 + Inputs!$B$12*E14*(1-Inputs!$B$24) + Inputs!$B$10*F14 - Inputs!$B$11*Inputs!$B$24*(1-E14) )) -> 1 | H14: =MAX(0,MIN(1, H13 + Inputs!$B$12*E14*(1-Inputs!$B$21) + Inputs!$B$10*F14 - Inputs!$B$11*Inputs!$B$21*(1-E14) )) -> 1 | I14: =MAX(0,MIN(1, I13 + Inputs!$B$12*E14*(1-Inputs!$B$22) + Inputs!$B$10*F14 - Inputs!$B$11*Inputs!$B$22*(1-E14) )) -> 1 | J14: =MAX(0,MIN(1, J13 + Inputs!$B$12*E14*(1-Inputs!$B$23) + Inputs!$B$10*F14 - Inputs!$B$11*Inputs!$B$23*(1-E14) )) -> 1 | K14: =MAX(0,MIN(1, K13 + Inputs!$B$12*E14*(1-Inputs!$B$25) + Inputs!$B$10*F14 - Inputs!$B$11*Inputs!$B$25*(1-E14) )) -> 0.674476 | L14: =MAX(0,MIN(1, 0.35*C14 + 0.15*D14 + 0.5*(0.2*(1-G14)+0.22*(1-H14)+0.22*(1-I14)+0.18*(1-J14)+0.18*(1-K14)))) -> 0.42672583 | M14: =IF(A14<(Inputs!$B$6+Inputs!$B$8-1),"", IF(COUNTIF(INDEX($L:$L,ROW(L14)-(Inputs!$B$8-1)):L14,"<"&Inputs!$B$7)=Inputs!$B$8,"COLLAPSE","")) -> COLLAPSE
A15: 10 | B15: =IFERROR(_xludf.XLOOKUP(A15,Events!$A$5:$A$200,Events!$B$5:$B$200,0),0) -> 0 | C15: =MAX(0,MIN(1, AVERAGE(Inputs!$B$15,Inputs!$B$16,Inputs!$B$17) - 0.35*B15*(1+0.6*Inputs!$B$27) )) -> 0.80333333 | D15: =MAX(0,MIN(1, D14 - 0.12*E15 + 0.1*Inputs!$B$25*(1-B15) )) -> 0.8112 | E15: =MIN(1, (1-C15)*0.8 + B15*(1+0.8*(1-D14)+0.6*Inputs!$B$27)) -> 0.15733333 | F15: =IF(L14<Inputs!$B$9,1,0) -> 1 | G15: =MAX(0,MIN(1, G14 + Inputs!$B$12*E15*(1-Inputs!$B$24) + Inputs!$B$10*F15 - Inputs!$B$11*Inputs!$B$24*(1-E15) )) -> 1 | H15: =MAX(0,MIN(1, H14 + Inputs!$B$12*E15*(1-Inputs!$B$21) + Inputs!$B$10*F15 - Inputs!$B$11*Inputs!$B$21*(1-E15) )) -> 1 | I15: =MAX(0,MIN(1, I14 + Inputs!$B$12*E15*(1-Inputs!$B$22) + Inputs!$B$10*F15 - Inputs!$B$11*Inputs!$B$22*(1-E15) )) -> 1 | J15: =MAX(0,MIN(1, J14 + Inputs!$B$12*E15*(1-Inputs!$B$23) + Inputs!$B$10*F15 - Inputs!$B$11*Inputs!$B$23*(1-E15) )) -> 1 | K15: =MAX(0,MIN(1, K14 + Inputs!$B$12*E15*(1-Inputs!$B$25) + Inputs!$B$10*F15 - Inputs!$B$11*Inputs!$B$25*(1-E15) )) -> 0.75830667 | L15: =MAX(0,MIN(1, 0.35*C15 + 0.15*D15 + 0.5*(0.2*(1-G15)+0.22*(1-H15)+0.22*(1-I15)+0.18*(1-J15)+0.18*(1-K15)))) -> 0.42459907 | M15: =IF(A15<(Inputs!$B$6+Inputs!$B$8-1),"", IF(COUNTIF(INDEX($L:$L,ROW(L15)-(Inputs!$B$8-1)):L15,"<"&Inputs!$B$7)=Inputs!$B$8,"COLLAPSE","")) -> COLLAPSE
A16: 11 | B16: =IFERROR(_xludf.XLOOKUP(A16,Events!$A$5:$A$200,Events!$B$5:$B$200,0),0) -> 0 | C16: =MAX(0,MIN(1, AVERAGE(Inputs!$B$15,Inputs!$B$16,Inputs!$B$17) - 0.35*B16*(1+0.6*Inputs!$B$27) )) -> 0.80333333 | D16: =MAX(0,MIN(1, D15 - 0.12*E16 + 0.1*Inputs!$B$25*(1-B16) )) -> 0.84732 | E16: =MIN(1, (1-C16)*0.8 + B16*(1+0.8*(1-D15)+0.6*Inputs!$B$27)) -> 0.15733333 | F16: =IF(L15<Inputs!$B$9,1,0) -> 1 | G16: =MAX(0,MIN(1, G15 + Inputs!$B$12*E16*(1-Inputs!$B$24) + Inputs!$B$10*F16 - Inputs!$B$11*Inputs!$B$24*(1-E16) )) -> 1 | H16: =MAX(0,MIN(1, H15 + Inputs!$B$12*E16*(1-Inputs!$B$21) + Inputs!$B$10*F16 - Inputs!$B$11*Inputs!$B$21*(1-E16) )) -> 1 | I16: =MAX(0,MIN(1, I15 + Inputs!$B$12*E16*(1-Inputs!$B$22) + Inputs!$B$10*F16 - Inputs!$B$11*Inputs!$B$22*(1-E16) )) -> 1 | J16: =MAX(0,MIN(1, J15 + Inputs!$B$12*E16*(1-Inputs!$B$23) + Inputs!$B$10*F16 - Inputs!$B$11*Inputs!$B$23*(1-E16) )) -> 1 | K16: =MAX(0,MIN(1, K15 + Inputs!$B$12*E16*(1-Inputs!$B$25) + Inputs!$B$10*F16 - Inputs!$B$11*Inputs!$B$25*(1-E16) )) -> 0.84213733 | L16: =MAX(0,MIN(1, 0.35*C16 + 0.15*D16 + 0.5*(0.2*(1-G16)+0.22*(1-H16)+0.22*(1-I16)+0.18*(1-J16)+0.18*(1-K16)))) -> 0.42247231 | M16: =IF(A16<(Inputs!$B$6+Inputs!$B$8-1),"", IF(COUNTIF(INDEX($L:$L,ROW(L16)-(Inputs!$B$8-1)):L16,"<"&Inputs!$B$7)=Inputs!$B$8,"COLLAPSE","")) -> COLLAPSE
A17: 12 | B17: =IFERROR(_xludf.XLOOKUP(A17,Events!$A$5:$A$200,Events!$B$5:$B$200,0),0) -> 0 | C17: =MAX(0,MIN(1, AVERAGE(Inputs!$B$15,Inputs!$B$16,Inputs!$B$17) - 0.35*B17*(1+0.6*Inputs!$B$27) )) -> 0.80333333 | D17: =MAX(0,MIN(1, D16 - 0.12*E17 + 0.1*Inputs!$B$25*(1-B17) )) -> 0.88344 | E17: =MIN(1, (1-C17)*0.8 + B17*(1+0.8*(1-D16)+0.6*Inputs!$B$27)) -> 0.15733333 | F17: =IF(L16<Inputs!$B$9,1,0) -> 1 | G17: =MAX(0,MIN(1, G16 + Inputs!$B$12*E17*(1-Inputs!$B$24) + Inputs!$B$10*F17 - Inputs!$B$11*Inputs!$B$24*(1-E17) )) -> 1 | H17: =MAX(0,MIN(1, H16 + Inputs!$B$12*E17*(1-Inputs!$B$21) + Inputs!$B$10*F17 - Inputs!$B$11*Inputs!$B$21*(1-E17) )) -> 1 | I17: =MAX(0,MIN(1, I16 + Inputs!$B$12*E17*(1-Inputs!$B$22) + Inputs!$B$10*F17 - Inputs!$B$11*Inputs!$B$22*(1-E17) )) -> 1 | J17: =MAX(0,MIN(1, J16 + Inputs!$B$12*E17*(1-Inputs!$B$23) + Inputs!$B$10*F17 - Inputs!$B$11*Inputs!$B$23*(1-E17) )) -> 1 | K17: =MAX(0,MIN(1, K16 + Inputs!$B$12*E17*(1-Inputs!$B$25) + Inputs!$B$10*F17 - Inputs!$B$11*Inputs!$B$25*(1-E17) )) -> 0.925968 | L17: =MAX(0,MIN(1, 0.35*C17 + 0.15*D17 + 0.5*(0.2*(1-G17)+0.22*(1-H17)+0.22*(1-I17)+0.18*(1-J17)+0.18*(1-K17)))) -> 0.42034555 | M17: =IF(A17<(Inputs!$B$6+Inputs!$B$8-1),"", IF(COUNTIF(INDEX($L:$L,ROW(L17)-(Inputs!$B$8-1)):L17,"<"&Inputs!$B$7)=Inputs!$B$8,"COLLAPSE","")) -> COLLAPSE
... A64: 59 | B64: =IFERROR(_xludf.XLOOKUP(A64,Events!$A$5:$A$200,Events!$B$5:$B$200,0),0) -> 0 | C64: =MAX(0,MIN(1, AVERAGE(Inputs!$B$15,Inputs!$B$16,Inputs!$B$17) - 0.35*B64*(1+0.6*Inputs!$B$27) )) -> 0.80333333 | D64: =MAX(0,MIN(1, D63 - 0.12*E64 + 0.1*Inputs!$B$25*(1-B64) )) -> 1 | E64: =MIN(1, (1-C64)*0.8 + B64*(1+0.8*(1-D63)+0.6*Inputs!$B$27)) -> 0.15733333 | F64: =IF(L63<Inputs!$B$9,1,0) -> 1 | G64: =MAX(0,MIN(1, G63 + Inputs!$B$12*E64*(1-Inputs!$B$24) + Inputs!$B$10*F64 - Inputs!$B$11*Inputs!$B$24*(1-E64) )) -> 1 | H64: =MAX(0,MIN(1, H63 + Inputs!$B$12*E64*(1-Inputs!$B$21) + Inputs!$B$10*F64 - Inputs!$B$11*Inputs!$B$21*(1-E64) )) -> 1 | I64: =MAX(0,MIN(1, I63 + Inputs!$B$12*E64*(1-Inputs!$B$22) + Inputs!$B$10*F64 - Inputs!$B$11*Inputs!$B$22*(1-E64) )) -> 1 | J64: =MAX(0,MIN(1, J63 + Inputs!$B$12*E64*(1-Inputs!$B$23) + Inputs!$B$10*F64 - Inputs!$B$11*Inputs!$B$23*(1-E64) )) -> 1 | K64: =MAX(0,MIN(1, K63 + Inputs!$B$12*E64*(1-Inputs!$B$25) + Inputs!$B$10*F64 - Inputs!$B$11*Inputs!$B$25*(1-E64) )) -> 1 | L64: =MAX(0,MIN(1, 0.35*C64 + 0.15*D64 + 0.5*(0.2*(1-G64)+0.22*(1-H64)+0.22*(1-I64)+0.18*(1-J64)+0.18*(1-K64)))) -> 0.43116667 | M64: =IF(A64<(Inputs!$B$6+Inputs!$B$8-1),"", IF(COUNTIF(INDEX($L:$L,ROW(L64)-(Inputs!$B$8-1)):L64,"<"&Inputs!$B$7)=Inputs!$B$8,"COLLAPSE","")) -> COLLAPSE

Sheet Dashboard
A1: Dashboard
A2: Current Health (last tick) | B2: =INDEX(Simulation!$L$5:$L$64, Inputs!$B$5) -> 0.43116667
A3: Collapsed? | B3: =IF(COUNTIF(Simulation!$M$5:$M$64,"COLLAPSE")>0,"YES","NO") -> YES
A5: Chart Data (used for chart debug; beside)
A6: Week | B6: Health | C6: Collapse θ | D6: Autonomy trigger | F6: HEART dmg | G6: IMMUNE dmg | H6: HOSP dmg | I6: UTIL dmg | J6: TRUST dmg
A7: 0 | B7: =Simulation!L5 -> 0.84866667 | C7: =Inputs!$B$7 -> 0.85 | D7: =Inputs!$B$9 -> 0.78 | F7: =Simulation!G5 -> 0 | G7: =Simulation!H5 -> 0 | H7: =Simulation!I5 -> 0 | I7: =Simulation!J5 -> 0 | J7: =Simulation!K5 -> 0
A8: 1 | B8: =Simulation!L6 -> 0.80809801 | C8: =Inputs!$B$7 -> 0.85 | D8: =Inputs!$B$9 -> 0.78 | F8: =Simulation!G6 -> 0.11125733 | G8: =Simulation!H6 -> 0.10451467 | H8: =Simulation!I6 -> 0.091029333 | I8: =Simulation!J6 -> 0.10451467 | J8: =Simulation!K6 -> 0.043830667
A9: 2 | B9: =Simulation!L7 -> 0.76752936 | C9: =Inputs!$B$7 -> 0.85 | D9: =Inputs!$B$9 -> 0.78 | F9: =Simulation!G7 -> 0.22251467 | G9: =Simulation!H7 -> 0.20902933 | H9: =Simulation!I7 -> 0.18205867 | I9: =Simulation!J7 -> 0.20902933 | J9: =Simulation!K7 -> 0.087661333
A10: 3 | B10: =Simulation!L8 -> 0.70696071 | C10: =Inputs!$B$7 -> 0.85 | D10: =Inputs!$B$9 -> 0.78 | F10: =Simulation!G8 -> 0.373772 | G10: =Simulation!H8 -> 0.353544 | H10: =Simulation!I8 -> 0.313088 | I10: =Simulation!J8 -> 0.353544 | J10: =Simulation!K8 -> 0.171492
A11: 4 | B11: =Simulation!L9 -> 0.64639205 | C11: =Inputs!$B$7 -> 0.85 | D11: =Inputs!$B$9 -> 0.78 | F11: =Simulation!G9 -> 0.52502933 | G11: =Simulation!H9 -> 0.49805867 | H11: =Simulation!I9 -> 0.44411733 | I11: =Simulation!J9 -> 0.49805867 | J11: =Simulation!K9 -> 0.25532267
A12: 5 | B12: =Simulation!L10 -> 0.5858234 | C12: =Inputs!$B$7 -> 0.85 | D12: =Inputs!$B$9 -> 0.78 | F12: =Simulation!G10 -> 0.67628667 | G12: =Simulation!H10 -> 0.64257333 | H12: =Simulation!I10 -> 0.57514667 | I12: =Simulation!J10 -> 0.64257333 | J12: =Simulation!K10 -> 0.33915333
A13: 6 | B13: =Simulation!L11 -> 0.52525475 | C13: =Inputs!$B$7 -> 0.85 | D13: =Inputs!$B$9 -> 0.78 | F13: =Simulation!G11 -> 0.827544 | G13: =Simulation!H11 -> 0.787088 | H13: =Simulation!I11 -> 0.706176 | I13: =Simulation!J11 -> 0.787088 | J13: =Simulation!K11 -> 0.422984
A14: 7 | B14: =Simulation!L12 -> 0.46468609 | C14: =Inputs!$B$7 -> 0.85 | D14: =Inputs!$B$9 -> 0.78 | F14: =Simulation!G12 -> 0.97880133 | G14: =Simulation!H12 -> 0.93160267 | H14: =Simulation!I12 -> 0.83720533 | I14: =Simulation!J12 -> 0.93160267 | J14: =Simulation!K12 -> 0.50681467
A15: 8 | B15: =Simulation!L13 -> 0.43234677 | C15: =Inputs!$B$7 -> 0.85 | D15: =Inputs!$B$9 -> 0.78 | F15: =Simulation!G13 -> 1 | G15: =Simulation!H13 -> 1 | H15: =Simulation!I13 -> 0.96823467 | I15: =Simulation!J13 -> 1 | J15: =Simulation!K13 -> 0.59064533
A16: 9 | B16: =Simulation!L14 -> 0.42672583 | C16: =Inputs!$B$7 -> 0.85 | D16: =Inputs!$B$9 -> 0.78 | F16: =Simulation!G14 -> 1 | G16: =Simulation!H14 -> 1 | H16: =Simulation!I14 -> 1 | I16: =Simulation!J14 -> 1 | J16: =Simulation!K14 -> 0.674476
A17: 10 | B17: =Simulation!L15 -> 0.42459907 | C17: =Inputs!$B$7 -> 0.85 | D17: =Inputs!$B$9 -> 0.78 | F17: =Simulation!G15 -> 1 | G17: =Simulation!H15 -> 1 | H17: =Simulation!I15 -> 1 | I17: =Simulation!J15 -> 1 | J17: =Simulation!K15 -> 0.75830667
A18: 11 | B18: =Simulation!L16 -> 0.42247231 | C18: =Inputs!$B$7 -> 0.85 | D18: =Inputs!$B$9 -> 0.78 | F18: =Simulation!G16 -> 1 | G18: =Simulation!H16 -> 1 | H18: =Simulation!I16 -> 1 | I18: =Simulation!J16 -> 1 | J18: =Simulation!K16 -> 0.84213733
A19: 12 | B19: =Simulation!L17 -> 0.42034555 | C19: =Inputs!$B$7 -> 0.85 | D19: =Inputs!$B$9 -> 0.78 | F19: =Simulation!G17 -> 1 | G19: =Simulation!H17 -> 1 | H19: =Simulation!I17 -> 1 | I19: =Simulation!J17 -> 1 | J19: =Simulation!K17 -> 0.925968
A20: 13 | B20: =Simulation!L18 -> 0.41910067 | C20: =Inputs!$B$7 -> 0.85 | D20: =Inputs!$B$9 -> 0.78 | F20: =Simulation!G18 -> 1 | G20: =Simulation!H18 -> 1 | H20: =Simulation!I18 -> 1 | I20: =Simulation!J18 -> 1 | J20: =Simulation!K18 -> 1 | K20: Health
A21: 14 | B21: =Simulation!L19 -> 0.42451867 | C21: =Inputs!$B$7 -> 0.85 | D21: =Inputs!$B$9 -> 0.78 | F21: =Simulation!G19 -> 1 | G21: =Simulation!H19 -> 1 | H21: =Simulation!I19 -> 1 | I21: =Simulation!J19 -> 1 | J21: =Simulation!K19 -> 1 | K21: Collapse
A22: 15 | B22: =Simulation!L20 -> 0.42993667 | C22: =Inputs!$B$7 -> 0.85 | D22: =Inputs!$B$9 -> 0.78 | F22: =Simulation!G20 -> 1 | G22: =Simulation!H20 -> 1 | H22: =Simulation!I20 -> 1 | I22: =Simulation!J20 -> 1 | J22: =Simulation!K20 -> 1 | K22: Autonomy Trigger
A23: 16 | B23: =Simulation!L21 -> 0.43116667 | C23: =Inputs!$B$7 -> 0.85 | D23: =Inputs!$B$9 -> 0.78 | F23: =Simulation!G21 -> 1 | G23: =Simulation!H21 -> 1 | H23: =Simulation!I21 -> 1 | I23: =Simulation!J21 -> 1 | J23: =Simulation!K21 -> 1
A24: 17 | B24: =Simulation!L22 -> 0.43116667 | C24: =Inputs!$B$7 -> 0.85 | D24: =Inputs!$B$9 -> 0.78 | F24: =Simulation!G22 -> 1 | G24: =Simulation!H22 -> 1 | H24: =Simulation!I22 -> 1 | I24: =Simulation!J22 -> 1 | J24: =Simulation!K22 -> 1
A25: 18 | B25: =Simulation!L23 -> 0.43116667 | C25: =Inputs!$B$7 -> 0.85 | D25: =Inputs!$B$9 -> 0.78 | F25: =Simulation!G23 -> 1 | G25: =Simulation!H23 -> 1 | H25: =Simulation!I23 -> 1 | I25: =Simulation!J23 -> 1 | J25: =Simulation!K23 -> 1
A26: 19 | B26: =Simulation!L24 -> 0.43116667 | C26: =Inputs!$B$7 -> 0.85 | D26: =Inputs!$B$9 -> 0.78 | F26: =Simulation!G24 -> 1 | G26: =Simulation!H24 -> 1 | H26: =Simulation!I24 -> 1 | I26: =Simulation!J24 -> 1 | J26: =Simulation!K24 -> 1
A27: 20 | B27: =Simulation!L25 -> 0.43116667 | C27: =Inputs!$B$7 -> 0.85 | D27: =Inputs!$B$9 -> 0.78 | F27: =Simulation!G25 -> 1 | G27: =Simulation!H25 -> 1 | H27: =Simulation!I25 -> 1 | I27: =Simulation!J25 -> 1 | J27: =Simulation!K25 -> 1
A28: 21 | B28: =Simulation!L26 -> 0.43116667 | C28: =Inputs!$B$7 -> 0.85 | D28: =Inputs!$B$9 -> 0.78 | F28: =Simulation!G26 -> 1 | G28: =Simulation!H26 -> 1 | H28: =Simulation!I26 -> 1 | I28: =Simulation!J26 -> 1 | J28: =Simulation!K26 -> 1
A29: 22 | B29: =Simulation!L27 -> 0.43116667 | C29: =Inputs!$B$7 -> 0.85 | D29: =Inputs!$B$9 -> 0.78 | F29: =Simulation!G27 -> 1 | G29: =Simulation!H27 -> 1 | H29: =Simulation!I27 -> 1 | I29: =Simulation!J27 -> 1 | J29: =Simulation!K27 -> 1
A30: 23 | B30: =Simulation!L28 -> 0.43116667 | C30: =Inputs!$B$7 -> 0.85 | D30: =Inputs!$B$9 -> 0.78 | F30: =Simulation!G28 -> 1 | G30: =Simulation!H28 -> 1 | H30: =Simulation!I28 -> 1 | I30: =Simulation!J28 -> 1 | J30: =Simulation!K28 -> 1
A31: 24 | B31: =Simulation!L29 -> 0.43116667 | C31: =Inputs!$B$7 -> 0.85 | D31: =Inputs!$B$9 -> 0.78 | F31: =Simulation!G29 -> 1 | G31: =Simulation!H29 -> 1 | H31: =Simulation!I29 -> 1 | I31: =Simulation!J29 -> 1 | J31: =Simulation!K29 -> 1
A32: 25 | B32: =Simulation!L30 -> 0.43116667 | C32: =Inputs!$B$7 -> 0.85 | D32: =Inputs!$B$9 -> 0.78 | F32: =Simulation!G30 -> 1 | G32: =Simulation!H30 -> 1 | H32: =Simulation!I30 -> 1 | I32: =Simulation!J30 -> 1 | J32: =Simulation!K30 -> 1
A33: 26 | B33: =Simulation!L31 -> 0.43116667 | C33: =Inputs!$B$7 -> 0.85 | D33: =Inputs!$B$9 -> 0.78 | F33: =Simulation!G31 -> 1 | G33: =Simulation!H31 -> 1 | H33: =Simulation!I31 -> 1 | I33: =Simulation!J31 -> 1 | J33: =Simulation!K31 -> 1
A34: 27 | B34: =Simulation!L32 -> 0.43116667 | C34: =Inputs!$B$7 -> 0.85 | D34: =Inputs!$B$9 -> 0.78 | F34: =Simulation!G32 -> 1 | G34: =Simulation!H32 -> 1 | H34: =Simulation!I32 -> 1 | I34: =Simulation!J32 -> 1 | J34: =Simulation!K32 -> 1
... A66: 59 | B66: =Simulation!L64 -> 0.43116667 | C66: =Inputs!$B$7 -> 0.85 | D66: =Inputs!$B$9 -> 0.78 | F66: =Simulation!G64 -> 1 | G66: =Simulation!H64 -> 1 | H66: =Simulation!I64 -> 1 | I66: =Simulation!J64 -> 1 | J66: =Simulation!K64 -> 1
